loginName,email,salutation,firstName,lastName,title,languageCode,dateFormat,timeZone,timeFormat
Sathish01,sathish.kumar@gmail.com,Mr.,Sathish,Kumar,Mr,en,dd/MM/yyyy,India Std (Calcutta),hh:mm:ss
Sathish02,sathish.kumar@gmail.com,Mr.,Sathish,Kumar,Mr,en,dd/MM/yyyy,India Std (Calcutta),hh:mm:ss
Sathish03,sathish.kumar@gmail.com,Mr.,Sathish,Kumar,Mr,en,dd/MM/yyyy,India Std (Calcutta),hh:mm:ss
Sathish04,sathish.kumar@gmail.com,Mr.,Sathish,Kumar,Mr,en,dd/MM/yyyy,India Std (Calcutta),hh:mm:ss
Sathish05,sathish.kumar@gmail.com,Mr.,Sathish,Kumar,Mr,en,dd/MM/yyyy,India Std (Calcutta),hh:mm:ss
Sathish06,sathish.kumar@gmail.com,Mr.,Sathish,Kumar,Mr,en,dd/MM/yyyy,India Std (Calcutta),hh:mm:ss
Sathish07,sathish.kumar@gmail.com,Mr.,Sathish,Kumar,Mr,en,dd/MM/yyyy,India Std (Calcutta),hh:mm:ss
Sathish08,sathish.kumar@gmail.com,Mr.,Sathish,Kumar,Mr,en,dd/MM/yyyy,India Std (Calcutta),hh:mm:ss
Sathish09,sathish.kumar@gmail.com,Mr.,Sathish,Kumar,Mr,en,dd/MM/yyyy,India Std (Calcutta),hh:mm:ss
Sathish10,sathish.kumar@gmail.com,Mr.,Sathish,Kumar,Mr,en,dd/MM/yyyy,India Std (Calcutta),hh:mm:ss
Sathish11,sathish.kumar@gmail.com,Mr.,Sathish,Kumar,Mr,en,dd/MM/yyyy,India Std (Calcutta),hh:mm:ss
Sathish12,sathish.kumar@gmail.com,Mr.,Sathish,Kumar,Mr,en,dd/MM/yyyy,India Std (Calcutta),hh:mm:ss
Sathish13,sathish.kumar@gmail.com,Mr.,Sathish,Kumar,Mr,en,dd/MM/yyyy,India Std (Calcutta),hh:mm:ss
Sathish14,sathish.kumar@gmail.com,Mr.,Sathish,Kumar,Mr,en,dd/MM/yyyy,India Std (Calcutta),hh:mm:ss
Sathish15,sathish.kumar@gmail.com,Mr.,Sathish,Kumar,Mr,en,dd/MM/yyyy,India Std (Calcutta),hh:mm:ss
Sathish16,sathish.kumar@gmail.com,Mr.,Sathish,Kumar,Mr,en,dd/MM/yyyy,India Std (Calcutta),hh:mm:ss
Sathish17,sathish.kumar@gmail.com,Mr.,Sathish,Kumar,Mr,en,dd/MM/yyyy,India Std (Calcutta),hh:mm:ss
Sathish18,sathish.kumar@gmail.com,Mr.,Sathish,Kumar,Mr,en,dd/MM/yyyy,India Std (Calcutta),hh:mm:ss
Sathish19,sathish.kumar@gmail.com,Mr.,Sathish,Kumar,Mr,en,dd/MM/yyyy,India Std (Calcutta),hh:mm:ss
Sathish20,sathish.kumar@gmail.com,Mr.,Sathish,Kumar,Mr,en,dd/MM/yyyy,India Std (Calcutta),hh:mm:ss
